{
    "gold": 650,
    "wpStatus": [
        1,
        2,
        0,
        0,
        0,
        0,
        0,
        0,
        0
    ],
    "hatStatus": [
        0,
        0,
        0,
        0,
        0,
        0,
        0,
        0,
        0,
        0
    ],
    "pantStatus": [
        2,
        0,
        0,
        0,
        0,
        0,
        0,
        0,
        0
    ],
    "skinStatus": [
        0,
        0,
        0,
        0
    ],
    "levelStatus": [
        2,
        0,
        0,
        0,
        0
    ],
    "audioSetting": {
        "bgMusicValue": 0.3787813186645508,
        "sfxValue": 0.4360365867614746
    }
}